V	https://sjp.pwn.pl/so/V;4527467.html
V  I	https://sjp.pwn.pl/sjp/V-I;2579304.html
V  II	https://sjp.pwn.pl/sjp/V-II;2579305.html
V  III	https://sjp.pwn.pl/sjp/V-III;2579306.html
v	https://sjp.pwn.pl/so/v;4527468.html
v.	https://sjp.pwn.pl/so/v;4527469.html
v	https://sjp.pwn.pl/doroszewski/v;5513572.html
v  I	https://sjp.pwn.pl/sjp/v-I;2534201.html
v  II	https://sjp.pwn.pl/sjp/v-II;2579303.html
VA	https://sjp.pwn.pl/so/VA;4527470.html
va banque	https://sjp.pwn.pl/sjp/va-banque;2579307.html
va banque	https://sjp.pwn.pl/so/va-banque;4527471.html
vacat	https://sjp.pwn.pl/sjp/vacat;2534204.html
vacat	https://sjp.pwn.pl/so/vacat;4527472.html
vacat	https://sjp.pwn.pl/doroszewski/vacat;5513573.html
vacatio legis	https://sjp.pwn.pl/sjp/vacatio-legis;2579309.html
vacatio legis	https://sjp.pwn.pl/so/vacatio-legis;4527473.html
vacui	https://sjp.pwn.pl/sjp/vacui;2534206.html
vacui	https://sjp.pwn.pl/so/vacui;4527474.html
Vaculík	https://sjp.pwn.pl/so/Vaculik;4527475.html
vacuum	https://sjp.pwn.pl/sjp/vacuum;2534208.html
vacuum	https://sjp.pwn.pl/so/vacuum;4527476.html
vademecum	https://sjp.pwn.pl/sjp/vademecum;2534209.html
vademecum	https://sjp.pwn.pl/so/vademecum;4527477.html
vademecum	https://sjp.pwn.pl/doroszewski/vademecum;5513574.html
Vader	https://sjp.pwn.pl/so/Vader;4968548.html
Vadim	https://sjp.pwn.pl/so/Vadim;4527478.html
Vaduz	https://sjp.pwn.pl/so/Vaduz;4527479.html
vagina	https://sjp.pwn.pl/sjp/vagina;2579314.html
vaginetka	https://sjp.pwn.pl/sjp/vaginetka;2534211.html
vaginetka	https://sjp.pwn.pl/so/vaginetka;4527480.html
Valais	https://sjp.pwn.pl/so/Valais;4527481.html
Val di Fiemme	https://sjp.pwn.pl/so/Val-di-Fiemme;4527482.html
Val d’Isère	https://sjp.pwn.pl/so/Val-d-Isere;4527483.html
Valencia	https://sjp.pwn.pl/so/Valencia;4527484.html
Valencia	https://sjp.pwn.pl/so/Valencia;4527485.html
Valencia	https://sjp.pwn.pl/so/Valencia;5587610.html
Valenciennes	https://sjp.pwn.pl/so/Valenciennes;4527486.html
Valentino	https://sjp.pwn.pl/so/Valentino;4527487.html
Valéry	https://sjp.pwn.pl/so/Valery;4527488.html
Val Gardena	https://sjp.pwn.pl/so/Val-Gardena;4527489.html
validol	https://sjp.pwn.pl/so/validol;4527946.html
valium	https://sjp.pwn.pl/so/valium;4527490.html
Valjean	https://sjp.pwn.pl/so/Valjean;4527491.html
Valladolid	https://sjp.pwn.pl/so/Valladolid;4527492.html
Vallejo	https://sjp.pwn.pl/so/Vallejo;4527493.html
Valletta	https://sjp.pwn.pl/so/Valletta;4527494.html
Valmont	https://sjp.pwn.pl/so/Valmont;4527495.html
Valois	https://sjp.pwn.pl/so/Valois;4527496.html
valonea	https://sjp.pwn.pl/so/valonea;4527497.html
Valparaíso	https://sjp.pwn.pl/so/Valparaiso;4527498.html
van	https://sjp.pwn.pl/so/van;4527499.html
Van Allen	https://sjp.pwn.pl/so/Van-Allen;4527500.html
Vancouver	https://sjp.pwn.pl/so/Vancouver;4527501.html
Vančura	https://sjp.pwn.pl/so/Vancura;4527502.html
Van Damme	https://sjp.pwn.pl/so/Van-Damme;4527503.html
van de Velde	https://sjp.pwn.pl/so/van-de-Velde;4527504.html
van Dyck	https://sjp.pwn.pl/so/van-Dyck;4527505.html
van Eyck	https://sjp.pwn.pl/so/van-Eyck;4527506.html
Vangelis	https://sjp.pwn.pl/so/Vangelis;4527507.html
van Gogh	https://sjp.pwn.pl/so/van-Gogh;4527508.html
Vanguard	https://sjp.pwn.pl/so/Vanguard;4527509.html
Vanini	https://sjp.pwn.pl/so/Vanini;4527510.html
Vanity Fair	https://sjp.pwn.pl/so/Vanity-Fair;5587612.html
Van Rompuy	https://sjp.pwn.pl/so/Van-Rompuy;5587611.html
Vanuatu	https://sjp.pwn.pl/so/Vanuatu;4527511.html
van, wan	https://sjp.pwn.pl/sjp/van-wan;2534213.html
Vanzetti	https://sjp.pwn.pl/so/Vanzetti;4527512.html
vaporetto	https://sjp.pwn.pl/sjp/vaporetto;2579318.html
vaquero	https://sjp.pwn.pl/so/vaquero;4527513.html
var	https://sjp.pwn.pl/sjp/var;2579319.html
var	https://sjp.pwn.pl/so/var;4527514.html
Varanger	https://sjp.pwn.pl/so/Varanger;4527515.html
Varda	https://sjp.pwn.pl/so/Varda;4527516.html
Varèse	https://sjp.pwn.pl/so/Varese;4527517.html
Vargas Llosa	https://sjp.pwn.pl/so/Vargas-Llosa;4527518.html
varia	https://sjp.pwn.pl/sjp/varia;2579320.html
varia	https://sjp.pwn.pl/so/varia;4527519.html
varia	https://sjp.pwn.pl/doroszewski/varia;5513575.html
variétés	https://sjp.pwn.pl/sjp/varietes;2534217.html
variétés	https://sjp.pwn.pl/so/varietes;4527520.html
variétés	https://sjp.pwn.pl/doroszewski/varietes;5513576.html
variorum	https://sjp.pwn.pl/sjp/variorum;2579323.html
variorum	https://sjp.pwn.pl/so/variorum;4527521.html
Varius Manx	https://sjp.pwn.pl/so/Varius-Manx;5587613.html
varsaviana	https://sjp.pwn.pl/sjp/varsaviana;2579325.html
varsaviana	https://sjp.pwn.pl/so/varsaviana;4527522.html
varsaviana	https://sjp.pwn.pl/doroszewski/varsaviana;5513577.html
varsavianista	https://sjp.pwn.pl/so/varsavianista;4527523.html
varsavianista	https://sjp.pwn.pl/doroszewski/varsavianista;5513578.html
varsavianistka	https://sjp.pwn.pl/so/varsavianistka;4527524.html
varsavianistyczny	https://sjp.pwn.pl/so/varsavianistyczny;4527525.html
varsavianistyka	https://sjp.pwn.pl/sjp/varsavianistyka;2534221.html
varsavianistyka	https://sjp.pwn.pl/so/varsavianistyka;4527526.html
varsavianistyka	https://sjp.pwn.pl/doroszewski/varsavianistyka;5513579.html
Vasari	https://sjp.pwn.pl/so/Vasari;4527527.html
Vasco da Gama	https://sjp.pwn.pl/so/Vasco-da-Gama;4527528.html
VAT	https://sjp.pwn.pl/sjp/VAT;2579327.html
VAT	https://sjp.pwn.pl/so/VAT;4527529.html
vatermörder	https://sjp.pwn.pl/doroszewski/vatermoerder;5513580.html
Vaticanum	https://sjp.pwn.pl/so/Vaticanum;4527530.html
VAT-owiec	https://sjp.pwn.pl/so/VAT-owiec;4527532.html
vatowiec	https://sjp.pwn.pl/sjp/vatowiec;2534223.html
vatowiec	https://sjp.pwn.pl/so/vatowiec;4527531.html
VAT-owski	https://sjp.pwn.pl/so/VAT-owski;4527534.html
vatowski	https://sjp.pwn.pl/so/vatowski;4527533.html
Vaud	https://sjp.pwn.pl/so/Vaud;5587614.html
Vaughan	https://sjp.pwn.pl/so/Vaughan;4527535.html
Vautrin	https://sjp.pwn.pl/so/Vautrin;4527536.html
Vauxhall	https://sjp.pwn.pl/so/Vauxhall;4527537.html
vauxhall	https://sjp.pwn.pl/so/vauxhall;4527538.html
VCD	https://sjp.pwn.pl/so/VCD;4969036.html
VCR	https://sjp.pwn.pl/sjp/VCR;2534225.html
VCR	https://sjp.pwn.pl/so/VCR;4527539.html
v-cylina	https://sjp.pwn.pl/so/v-cylina;4527540.html
Vectra	https://sjp.pwn.pl/so/Vectra;4527541.html
vectra	https://sjp.pwn.pl/so/vectra;4527542.html
vedetta	https://sjp.pwn.pl/so/vedetta;4527543.html
Vega	https://sjp.pwn.pl/so/Vega;4527544.html
Vega	https://sjp.pwn.pl/so/Vega;5587615.html
vegantin	https://sjp.pwn.pl/so/vegantin;4527545.html
vegeta	https://sjp.pwn.pl/so/vegeta;4527546.html
vel	https://sjp.pwn.pl/sjp/vel;2579330.html
vel	https://sjp.pwn.pl/so/vel;4527547.html
vel	https://sjp.pwn.pl/doroszewski/vel;5513581.html
Velázquez	https://sjp.pwn.pl/so/Velazquez;4527548.html
Velde	https://sjp.pwn.pl/so/Velde;4527549.html
Venclova	https://sjp.pwn.pl/so/Venclova;4527550.html
Vendée Globe	https://sjp.pwn.pl/so/Vendee-Globe;5587616.html
Vendel	https://sjp.pwn.pl/so/Vendel;4527551.html
vendémiaire	https://sjp.pwn.pl/so/vendemiaire;5587617.html
vendetta	https://sjp.pwn.pl/sjp/vendetta;2534227.html
vendetta	https://sjp.pwn.pl/so/vendetta;4527552.html
venflon	https://sjp.pwn.pl/sjp/venflon;2534228.html
venflon	https://sjp.pwn.pl/so/venflon;4527553.html
veni, vidi, vici	https://sjp.pwn.pl/so/veni-vidi-vici;4527554.html
Ventura	https://sjp.pwn.pl/so/Ventura;4527555.html
venture capital	https://sjp.pwn.pl/sjp/venture-capital;2579341.html
Veracruz	https://sjp.pwn.pl/so/Veracruz;4527556.html
veraikon	https://sjp.pwn.pl/sjp/veraikon;2579342.html
veraikon	https://sjp.pwn.pl/so/veraikon;4527557.html
veramid	https://sjp.pwn.pl/so/veramid;4527558.html
verba veritatis	https://sjp.pwn.pl/sjp/verba-veritatis;2579346.html
verbum	https://sjp.pwn.pl/sjp/verbum;2579348.html
verbum	https://sjp.pwn.pl/so/verbum;4527559.html
verbum nobile	https://sjp.pwn.pl/sjp/verbum-nobile;2579349.html
verbum nobile	https://sjp.pwn.pl/so/verbum-nobile;4527560.html
Vercors	https://sjp.pwn.pl/so/Vercors;4527561.html
Vercors	https://sjp.pwn.pl/so/Vercors;4527562.html
Verdana	https://sjp.pwn.pl/so/Verdana;4968255.html
Verdi	https://sjp.pwn.pl/so/Verdi;4527563.html
Verdun	https://sjp.pwn.pl/so/Verdun;4527564.html
Verhaeren	https://sjp.pwn.pl/so/Verhaeren;4527565.html
Verhoeven	https://sjp.pwn.pl/so/Verhoeven;4527566.html
Verlaine	https://sjp.pwn.pl/so/Verlaine;4527567.html
Vermeer van Delft	https://sjp.pwn.pl/so/Vermeer-van-Delft;4527568.html
Vermont	https://sjp.pwn.pl/so/Vermont;4527569.html
Verne	https://sjp.pwn.pl/so/Verne;4527570.html
Veronese	https://sjp.pwn.pl/so/Veronese;4527571.html
Verrazano	https://sjp.pwn.pl/so/Verrazano;4527572.html
Verrocchio	https://sjp.pwn.pl/so/Verrocchio;4527573.html
Versace	https://sjp.pwn.pl/so/Versace;4527574.html
verse	https://sjp.pwn.pl/so/verse;4527575.html
verso	https://sjp.pwn.pl/sjp/verso;2579352.html
verso	https://sjp.pwn.pl/so/verso;4527576.html
verso	https://sjp.pwn.pl/doroszewski/verso;5513582.html
versus	https://sjp.pwn.pl/sjp/versus;2579353.html
versus	https://sjp.pwn.pl/so/versus;4527577.html
verte	https://sjp.pwn.pl/sjp/verte;2579354.html
verte	https://sjp.pwn.pl/so/verte;4527578.html
verte	https://sjp.pwn.pl/doroszewski/verte;5513583.html
vertical	https://sjp.pwn.pl/so/vertical;4527579.html
verticale	https://sjp.pwn.pl/sjp/verticale;2579355.html
vertugadin	https://sjp.pwn.pl/sjp/vertugadin;2579356.html
verum factum	https://sjp.pwn.pl/so/verum-factum;4527580.html
Vespucci	https://sjp.pwn.pl/so/Vespucci;4527581.html
veto	https://sjp.pwn.pl/sjp/veto;2534236.html
veto	https://sjp.pwn.pl/so/veto;4527582.html
veto	https://sjp.pwn.pl/so/veto;4527583.html
veto	https://sjp.pwn.pl/doroszewski/veto;5513584.html
Vetulani	https://sjp.pwn.pl/so/Vetulani;4527584.html
Vevey	https://sjp.pwn.pl/so/Vevey;4527585.html
VGA	https://sjp.pwn.pl/sjp/VGA;2579361.html
VGA	https://sjp.pwn.pl/so/VGA;4527586.html
VHF	https://sjp.pwn.pl/sjp/VHF;2579362.html
VHF	https://sjp.pwn.pl/so/VHF;4527587.html
VHS	https://sjp.pwn.pl/sjp/VHS;2579363.html
VHS	https://sjp.pwn.pl/so/VHS;4527588.html
v.i.	https://sjp.pwn.pl/sjp/v-i;2579364.html
v.i.	https://sjp.pwn.pl/so/v-i;4527589.html
via	https://sjp.pwn.pl/sjp/via;2579365.html
via	https://sjp.pwn.pl/so/via;4527590.html
via	https://sjp.pwn.pl/so/via;4527591.html
via	https://sjp.pwn.pl/doroszewski/via;5513585.html
via crucis	https://sjp.pwn.pl/sjp/via-crucis;2579366.html
viagra	https://sjp.pwn.pl/so/viagra;4527592.html
via illuminativa	https://sjp.pwn.pl/sjp/via-illuminativa;2579367.html
via mystica	https://sjp.pwn.pl/sjp/via-mystica;2579368.html
via purgativa	https://sjp.pwn.pl/sjp/via-purgativa;2579369.html
Viareggio	https://sjp.pwn.pl/so/Viareggio;4527593.html
viaTOLL	https://sjp.pwn.pl/so/viaTOLL;5587618.html
vibrato	https://sjp.pwn.pl/sjp/vibrato;2534241.html
vibrato	https://sjp.pwn.pl/so/vibrato;4527594.html
vibrato	https://sjp.pwn.pl/doroszewski/vibrato;5513586.html
vicario nomine	https://sjp.pwn.pl/sjp/vicario-nomine;2579371.html
Vicenza	https://sjp.pwn.pl/so/Vicenza;4527595.html
vice versa	https://sjp.pwn.pl/sjp/vice-versa;2579372.html
vice versa	https://sjp.pwn.pl/so/vice-versa;4527596.html
vice versa	https://sjp.pwn.pl/doroszewski/vice-versa;5513587.html
Vichy	https://sjp.pwn.pl/so/Vichy;4527597.html
Vichy	https://sjp.pwn.pl/so/Vichy;5587619.html
Vico	https://sjp.pwn.pl/so/Vico;4527598.html
Victoria	https://sjp.pwn.pl/so/Victoria;4527599.html
victoria	https://sjp.pwn.pl/sjp/victoria;2534247.html
victoria	https://sjp.pwn.pl/so/victoria;4527600.html
vide	https://sjp.pwn.pl/sjp/vide;2579375.html
vide	https://sjp.pwn.pl/so/vide;4527601.html
vide	https://sjp.pwn.pl/doroszewski/vide;5513588.html
vide infra	https://sjp.pwn.pl/sjp/vide-infra;2579377.html
vide infra	https://sjp.pwn.pl/so/vide-infra;4527602.html
video	https://sjp.pwn.pl/so/video;4527603.html
video  I	https://sjp.pwn.pl/sjp/video-I;2534250.html
video  II	https://sjp.pwn.pl/sjp/video-II;3068037.html
video-	https://sjp.pwn.pl/sjp/video;2534251.html
video-art	https://sjp.pwn.pl/sjp/video-art;2579379.html
videoclip	https://sjp.pwn.pl/sjp/videoclip;2534252.html
videoclip	https://sjp.pwn.pl/so/videoclip;4527604.html
videopornografia	https://sjp.pwn.pl/sjp/videopornografia;2534253.html
videopornografia	https://sjp.pwn.pl/so/videopornografia;4527605.html
videorejestracja	https://sjp.pwn.pl/sjp/videorejestracja;2534254.html
videorejestracja	https://sjp.pwn.pl/so/videorejestracja;4527606.html
videotelefon	https://sjp.pwn.pl/sjp/videotelefon;2534255.html
videotelefon	https://sjp.pwn.pl/so/videotelefon;4527607.html
vide supra	https://sjp.pwn.pl/sjp/vide-supra;2579382.html
vide supra	https://sjp.pwn.pl/so/vide-supra;4527608.html
vidi	https://sjp.pwn.pl/sjp/vidi;2579383.html
Vidocq	https://sjp.pwn.pl/so/Vidocq;5587620.html
Vidor	https://sjp.pwn.pl/so/Vidor;4527609.html
Viebig	https://sjp.pwn.pl/so/Viebig;4527610.html
Vientiane	https://sjp.pwn.pl/so/Vientiane;4527611.html
vie romancée	https://sjp.pwn.pl/sjp/vie-romancee;2579384.html
Viessmann	https://sjp.pwn.pl/so/Viessmann;5587621.html
Vietcong	https://sjp.pwn.pl/so/Vietcong;4527612.html
Viète	https://sjp.pwn.pl/so/Viete;4527613.html
Viet Minh	https://sjp.pwn.pl/so/Viet-Minh;4527614.html
Vigny	https://sjp.pwn.pl/so/Vigny;4527615.html
Viking	https://sjp.pwn.pl/so/Viking;4527616.html
vilcacora	https://sjp.pwn.pl/so/vilcacora;4527618.html
Villa Borghese	https://sjp.pwn.pl/so/Villa-Borghese;4527619.html
Villafranca	https://sjp.pwn.pl/so/Villafranca;4527620.html
Villahermosa	https://sjp.pwn.pl/so/Villahermosa;4527621.html
Villa-Lobos	https://sjp.pwn.pl/so/Villa-Lobos;4527622.html
villanella	https://sjp.pwn.pl/sjp/villanella;2579385.html
villanella	https://sjp.pwn.pl/so/villanella;4527623.html
Villas	https://sjp.pwn.pl/so/Villas;4527624.html
Villiers de L’Isle-Adam	https://sjp.pwn.pl/so/Villiers-de-L-Isle-Adam;4527625.html
Villon	https://sjp.pwn.pl/so/Villon;4527626.html
vilski	https://sjp.pwn.pl/so/vilski;4527627.html
vinaigrette	https://sjp.pwn.pl/sjp/vinaigrette;2579387.html
Vincennes	https://sjp.pwn.pl/so/Vincennes;4527628.html
Vincenz	https://sjp.pwn.pl/so/Vincenz;4527629.html
Vinson	https://sjp.pwn.pl/so/Vinson;4527630.html
vintage	https://sjp.pwn.pl/sjp/vintage;2579388.html
vintage	https://sjp.pwn.pl/so/vintage;5587622.html
vioform	https://sjp.pwn.pl/so/vioform;4527631.html
viola	https://sjp.pwn.pl/sjp/viola;2534259.html
viola	https://sjp.pwn.pl/so/viola;4527632.html
Violetta	https://sjp.pwn.pl/so/Violetta;4527633.html
vioxx	https://sjp.pwn.pl/so/vioxx;5587623.html
VIP	https://sjp.pwn.pl/sjp/VIP;2534263.html
VIP	https://sjp.pwn.pl/so/VIP;4527634.html
VIP-owski	https://sjp.pwn.pl/so/VIP-owski;4527636.html
vipowski	https://sjp.pwn.pl/so/vipowski;4527635.html
Virchow	https://sjp.pwn.pl/so/Virchow;4527637.html
virelai	https://sjp.pwn.pl/so/virelai;4527638.html
virement	https://sjp.pwn.pl/so/virement;4527639.html
virement	https://sjp.pwn.pl/doroszewski/virement;5513589.html
virement	https://sjp.pwn.pl/sjp/virement;5570637.html
virga	https://sjp.pwn.pl/so/virga;4527640.html
virga	https://sjp.pwn.pl/sjp/virga;5570638.html
Virginia	https://sjp.pwn.pl/so/Virginia;4527641.html
Virginia	https://sjp.pwn.pl/so/Virginia;4527642.html
viritim	https://sjp.pwn.pl/sjp/viritim;2579399.html
viritim	https://sjp.pwn.pl/so/viritim;4527644.html
virtual reality	https://sjp.pwn.pl/sjp/virtual-reality;2579400.html
Virtuti Militari	https://sjp.pwn.pl/sjp/Virtuti-Militari;2534266.html
Virtuti Militari	https://sjp.pwn.pl/so/Virtuti-Militari;4527645.html
Virtuti Militari	https://sjp.pwn.pl/doroszewski/Virtuti-Militari;5513590.html
ViS	https://sjp.pwn.pl/sjp/ViS;2534267.html
vis	https://sjp.pwn.pl/so/vis;4527646.html
vis	https://sjp.pwn.pl/doroszewski/vis;5513591.html
Visa	https://sjp.pwn.pl/so/Visa;5587624.html
vis attractiva	https://sjp.pwn.pl/sjp/vis-attractiva;2579402.html
vis-a-vis	https://sjp.pwn.pl/doroszewski/vis-a-vis;5513592.html
vis-à-vis	https://sjp.pwn.pl/so/vis-a-vis;4527647.html
vis-à-vis  I	https://sjp.pwn.pl/sjp/vis-a-vis-I;2579403.html
vis-à-vis  II	https://sjp.pwn.pl/sjp/vis-a-vis-II;3028785.html
vis comica	https://sjp.pwn.pl/sjp/vis-comica;2579404.html
vis comica	https://sjp.pwn.pl/so/vis-comica;4527648.html
Visconti	https://sjp.pwn.pl/so/Visconti;4527649.html
vis maior	https://sjp.pwn.pl/sjp/vis-maior;2579405.html
vis maior	https://sjp.pwn.pl/so/vis-maior;4527650.html
vitalium	https://sjp.pwn.pl/sjp/vitalium;2579409.html
vitalium	https://sjp.pwn.pl/so/vitalium;4527651.html
vitaral	https://sjp.pwn.pl/so/vitaral;4527652.html
Viterbo	https://sjp.pwn.pl/so/Viterbo;4527653.html
Vito	https://sjp.pwn.pl/so/Vito;4527654.html
Vitti	https://sjp.pwn.pl/so/Vitti;5587625.html
Vittorio Veneto	https://sjp.pwn.pl/so/Vittorio-Veneto;4527655.html
Viva!	https://sjp.pwn.pl/so/Viva;5587626.html
vivace	https://sjp.pwn.pl/so/vivace;4527656.html
vivace	https://sjp.pwn.pl/doroszewski/vivace;5513593.html
vivace  I	https://sjp.pwn.pl/sjp/vivace-I;2534271.html
vivace  II	https://sjp.pwn.pl/sjp/vivace-II;3028787.html
Vivaldi	https://sjp.pwn.pl/so/Vivaldi;4527657.html
vivarium	https://sjp.pwn.pl/sjp/vivarium;2534272.html
vivarium	https://sjp.pwn.pl/so/vivarium;4527658.html
vivat	https://sjp.pwn.pl/sjp/vivat;2534273.html
vivat	https://sjp.pwn.pl/so/vivat;4527659.html
vivat!	https://sjp.pwn.pl/so/vivat;4527660.html
vivat	https://sjp.pwn.pl/doroszewski/vivat;5513594.html
vivente rege	https://sjp.pwn.pl/so/vivente-rege;4527661.html
Viviana	https://sjp.pwn.pl/so/Viviana;4527662.html
vivo	https://sjp.pwn.pl/so/vivo;4527663.html
vixit	https://sjp.pwn.pl/sjp/vixit;2579419.html
vixit	https://sjp.pwn.pl/so/vixit;4527664.html
VJ	https://sjp.pwn.pl/sjp/VJ;5569394.html
V-kształtny	https://sjp.pwn.pl/so/V-ksztaltny;4969807.html
Vlady	https://sjp.pwn.pl/so/Vlady;4527665.html
Vlaminck	https://sjp.pwn.pl/so/Vlaminck;4527666.html
vlepka	https://sjp.pwn.pl/so/vlepka;4527667.html
vlepkarz	https://sjp.pwn.pl/so/vlepkarz;4527668.html
vlog	https://sjp.pwn.pl/sjp/vlog;3284831.html
vlog	https://sjp.pwn.pl/so/vlog;5587627.html
vloger	https://sjp.pwn.pl/so/vloger;5587628.html
vlogerka	https://sjp.pwn.pl/so/vlogerka;5587629.html
v.n.	https://sjp.pwn.pl/sjp/v-n;2579420.html
Vobis	https://sjp.pwn.pl/so/Vobis;4527669.html
vocativus	https://sjp.pwn.pl/sjp/vocativus;2534274.html
vocativus	https://sjp.pwn.pl/so/vocativus;4527670.html
Vodafone	https://sjp.pwn.pl/so/Vodafone;5587630.html
Vogt	https://sjp.pwn.pl/so/Vogt;4527671.html
Vogue	https://sjp.pwn.pl/so/Vogue;4968578.html
vogue	https://sjp.pwn.pl/so/vogue;5587631.html
vogueing	https://sjp.pwn.pl/so/vogueing;5587632.html
Voight	https://sjp.pwn.pl/so/Voight;5587633.html
Voigt	https://sjp.pwn.pl/so/Voigt;4527672.html
voilà	https://sjp.pwn.pl/sjp/voila;2579423.html
voilà	https://sjp.pwn.pl/so/voila;4527673.html
Voit	https://sjp.pwn.pl/so/Voit;4527674.html
vol.	https://sjp.pwn.pl/sjp/vol;2579424.html
vol.	https://sjp.pwn.pl/so/vol;4527675.html
volaille	https://sjp.pwn.pl/so/volaille;4527676.html
volapük	https://sjp.pwn.pl/sjp/volapuek;2534276.html
volapük	https://sjp.pwn.pl/so/volapuek;4527677.html
volapük	https://sjp.pwn.pl/doroszewski/volapuek;5513595.html
Voldemort	https://sjp.pwn.pl/so/Voldemort;5587634.html
volens nolens	https://sjp.pwn.pl/so/volens-nolens;4527678.html
volkizm	https://sjp.pwn.pl/so/volkizm;5587635.html
volksdeutsch	https://sjp.pwn.pl/sjp/volksdeutsch;2534277.html
volksdeutsch	https://sjp.pwn.pl/so/volksdeutsch;4527679.html
volksdeutsch	https://sjp.pwn.pl/doroszewski/volksdeutsch;5513596.html
volkslista	https://sjp.pwn.pl/sjp/volkslista;2579431.html
Volkswagen	https://sjp.pwn.pl/so/Volkswagen;4527680.html
volkswagen	https://sjp.pwn.pl/so/volkswagen;4527681.html
Vollenweider	https://sjp.pwn.pl/so/Vollenweider;5587636.html
volley	https://sjp.pwn.pl/sjp/volley;2534278.html
volley	https://sjp.pwn.pl/so/volley;4527682.html
volley	https://sjp.pwn.pl/doroszewski/volley;5513597.html
Volpone	https://sjp.pwn.pl/so/Volpone;4527683.html
volt	https://sjp.pwn.pl/sjp/volt;2534279.html
volt	https://sjp.pwn.pl/so/volt;4527684.html
Volta	https://sjp.pwn.pl/so/Volta;4527685.html
volta	https://sjp.pwn.pl/sjp/volta;2579433.html
volta	https://sjp.pwn.pl/so/volta;4527686.html
volta	https://sjp.pwn.pl/doroszewski/volta;5513598.html
Voltaire	https://sjp.pwn.pl/so/Voltaire;4527687.html
volumen	https://sjp.pwn.pl/sjp/volumen;2534281.html
volumen	https://sjp.pwn.pl/so/volumen;4527688.html
Volumina legum	https://sjp.pwn.pl/so/Volumina-legum;4527689.html
Volvo	https://sjp.pwn.pl/so/Volvo;4527690.html
volvo	https://sjp.pwn.pl/so/volvo;4527691.html
Vondel	https://sjp.pwn.pl/so/Vondel;4527692.html
Vondráčková	https://sjp.pwn.pl/so/Vondrackova;5587637.html
Vonn	https://sjp.pwn.pl/so/Vonn;5587638.html
Vonnegut	https://sjp.pwn.pl/so/Vonnegut;4527693.html
voodoo	https://sjp.pwn.pl/sjp/voodoo;2579435.html
voodoo	https://sjp.pwn.pl/so/voodoo;4527694.html
Voo Voo	https://sjp.pwn.pl/so/Voo-Voo;5587639.html
Vossler	https://sjp.pwn.pl/so/Vossler;4527695.html
voto	https://sjp.pwn.pl/so/voto;4527696.html
votum	https://sjp.pwn.pl/sjp/votum;2534284.html
votum	https://sjp.pwn.pl/so/votum;4527697.html
votum	https://sjp.pwn.pl/doroszewski/votum;5513599.html
votum separatum	https://sjp.pwn.pl/sjp/votum-separatum;2579438.html
votum separatum	https://sjp.pwn.pl/so/votum-separatum;4527698.html
voucher	https://sjp.pwn.pl/sjp/voucher;2579439.html
voucher	https://sjp.pwn.pl/so/voucher;4527699.html
voudou	https://sjp.pwn.pl/so/voudou;4527700.html
VOX	https://sjp.pwn.pl/so/VOX;5587640.html
vox angelica	https://sjp.pwn.pl/sjp/vox-angelica;2579440.html
vox humana	https://sjp.pwn.pl/sjp/vox-humana;2579443.html
vox populi	https://sjp.pwn.pl/sjp/vox-populi;2579444.html
vox populi	https://sjp.pwn.pl/so/vox-populi;4527701.html
Voyager	https://sjp.pwn.pl/so/Voyager;4527702.html
voyeur	https://sjp.pwn.pl/sjp/voyeur;2579446.html
voyeur	https://sjp.pwn.pl/so/voyeur;4527703.html
voyeuryzm	https://sjp.pwn.pl/so/voyeuryzm;4527704.html
Vranitzky	https://sjp.pwn.pl/so/Vranitzky;4527705.html
vratislaviana	https://sjp.pwn.pl/so/vratislaviana;4973833.html
Vries	https://sjp.pwn.pl/so/Vries;4527706.html
vs	https://sjp.pwn.pl/sjp/vs;2579447.html
v.s.	https://sjp.pwn.pl/sjp/v-s;2579448.html
v.s.	https://sjp.pwn.pl/so/v-s;4527707.html
vs	https://sjp.pwn.pl/so/vs;5587642.html
VSOP	https://sjp.pwn.pl/sjp/VSOP;2534288.html
VSOP	https://sjp.pwn.pl/so/VSOP;4527708.html
Vuelta a España	https://sjp.pwn.pl/so/Vuelta-a-Espana;5587644.html
Vukovar	https://sjp.pwn.pl/so/Vukovar;4527709.html
vulgo	https://sjp.pwn.pl/sjp/vulgo;2579450.html
vulgo	https://sjp.pwn.pl/so/vulgo;4527710.html
vulgo	https://sjp.pwn.pl/doroszewski/vulgo;5513600.html
v.v.	https://sjp.pwn.pl/sjp/v-v;2579452.html
v.v.	https://sjp.pwn.pl/so/v-v;4527711.html
VW	https://sjp.pwn.pl/so/VW;4527712.html
