Y	https://sjp.pwn.pl/sjp/Y;2580074.html
Y	https://sjp.pwn.pl/so/Y;4536468.html
Y	https://sjp.pwn.pl/so/Y;4536469.html
Y	https://sjp.pwn.pl/so/Y;4536470.html
Y	https://sjp.pwn.pl/so/Y;5595691.html
y	https://sjp.pwn.pl/sjp/y;2541594.html
y	https://sjp.pwn.pl/so/y;4536471.html
y	https://sjp.pwn.pl/doroszewski/y;5523557.html
yacht-club	https://sjp.pwn.pl/sjp/yacht-club;2541595.html
yacht club	https://sjp.pwn.pl/so/yacht-club;4536472.html
yachting	https://sjp.pwn.pl/sjp/yachting;2541596.html
yachting	https://sjp.pwn.pl/so/yachting;4536473.html
yachting	https://sjp.pwn.pl/doroszewski/yachting;5523558.html
Yad Vashem	https://sjp.pwn.pl/so/Yad-Vashem;4536474.html
Yahoo!	https://sjp.pwn.pl/so/Yahoo;4536475.html
yakuza	https://sjp.pwn.pl/sjp/yakuza;2580078.html
yakuza	https://sjp.pwn.pl/so/yakuza;5587744.html
Yale	https://sjp.pwn.pl/so/Yale;4536476.html
yale	https://sjp.pwn.pl/sjp/yale;2541598.html
yale	https://sjp.pwn.pl/so/yale;4536477.html
Yamaha	https://sjp.pwn.pl/so/Yamaha;4536478.html
yamaha	https://sjp.pwn.pl/so/yamaha;4536479.html
Yamamoto	https://sjp.pwn.pl/so/Yamamoto;4536480.html
Yamato	https://sjp.pwn.pl/so/Yamato;4536481.html
yang  I	https://sjp.pwn.pl/sjp/yang-I;2580080.html
yang  II	https://sjp.pwn.pl/sjp/yang-II;3281415.html
Yankee-Doodle	https://sjp.pwn.pl/so/Yankee-Doodle;4536482.html
yard	https://sjp.pwn.pl/sjp/yard;2541599.html
yard	https://sjp.pwn.pl/so/yard;4536483.html
yard	https://sjp.pwn.pl/doroszewski/yard;5523559.html
Yaris	https://sjp.pwn.pl/so/Yaris;5587745.html
yaris	https://sjp.pwn.pl/so/yaris;5587746.html
Yb	https://sjp.pwn.pl/sjp/Yb;2580083.html
Yb	https://sjp.pwn.pl/so/Yb;4536484.html
yd	https://sjp.pwn.pl/sjp/yd;2580085.html
yd	https://sjp.pwn.pl/so/yd;4536485.html
Yeats	https://sjp.pwn.pl/so/Yeats;4536486.html
Yellin	https://sjp.pwn.pl/so/Yellin;4536487.html
Yellowstone	https://sjp.pwn.pl/so/Yellowstone;4536488.html
yerba mate	https://sjp.pwn.pl/sjp/yerba-mate;2580086.html
yerba mate	https://sjp.pwn.pl/so/yerba-mate;4536489.html
Yerka	https://sjp.pwn.pl/so/Yerka;5587747.html
yeti	https://sjp.pwn.pl/sjp/yeti;2580087.html
yeti	https://sjp.pwn.pl/so/yeti;4536490.html
yeti	https://sjp.pwn.pl/doroszewski/yeti;5523560.html
Yggdrasill	https://sjp.pwn.pl/sjp/Yggdrasill;2580088.html
Yijing	https://sjp.pwn.pl/sjp/Yijing;2580089.html
yin  I	https://sjp.pwn.pl/sjp/yin-I;2580090.html
yin  II	https://sjp.pwn.pl/sjp/yin-II;3281416.html
yin-yang	https://sjp.pwn.pl/sjp/yin-yang;2580091.html
yin-yang	https://sjp.pwn.pl/so/yin-yang;4536491.html
ylangowy	https://sjp.pwn.pl/so/ylangowy;5587748.html
ylang-ylang	https://sjp.pwn.pl/so/ylang-ylang;5587749.html
YMCA	https://sjp.pwn.pl/so/YMCA;4536492.html
Yoda	https://sjp.pwn.pl/so/Yoda;4968554.html
Yogi	https://sjp.pwn.pl/so/Yogi;4969818.html
York	https://sjp.pwn.pl/so/York;4536493.html
York	https://sjp.pwn.pl/so/York;4536494.html
york	https://sjp.pwn.pl/so/york;4968257.html
Yorkshire	https://sjp.pwn.pl/so/Yorkshire;4536495.html
yorkshire	https://sjp.pwn.pl/so/yorkshire;4536496.html
yorkshire terrier	https://sjp.pwn.pl/sjp/yorkshire-terrier;2541603.html
yorkshire terrier	https://sjp.pwn.pl/so/yorkshire-terrier;4536497.html
Yosemite	https://sjp.pwn.pl/so/Yosemite;4536498.html
Young	https://sjp.pwn.pl/so/Young;4536499.html
YouTube	https://sjp.pwn.pl/so/YouTube;4968555.html
yo-yo	https://sjp.pwn.pl/sjp/yo-yo;2580094.html
yo-yo	https://sjp.pwn.pl/so/yo-yo;4536500.html
yo-yo	https://sjp.pwn.pl/doroszewski/yo-yo;5523561.html
Ypres	https://sjp.pwn.pl/so/Ypres;4536501.html
ypsylon	https://sjp.pwn.pl/sjp/ypsylon;2580095.html
Ystad	https://sjp.pwn.pl/so/Ystad;4536502.html
ytong	https://sjp.pwn.pl/so/ytong;5587750.html
yucca	https://sjp.pwn.pl/so/yucca;4536503.html
yuko	https://sjp.pwn.pl/sjp/yuko;2541604.html
yuko	https://sjp.pwn.pl/so/yuko;4536504.html
Yuma	https://sjp.pwn.pl/so/Yuma;4536505.html
yumpie	https://sjp.pwn.pl/sjp/yumpie;2580096.html
yumpie	https://sjp.pwn.pl/so/yumpie;5587751.html
Yunnan	https://sjp.pwn.pl/so/Yunnan;4536506.html
yunnan	https://sjp.pwn.pl/so/yunnan;5587752.html
yuppie	https://sjp.pwn.pl/sjp/yuppie;2541606.html
yuppie	https://sjp.pwn.pl/so/yuppie;4536507.html
yuppie nightmare	https://sjp.pwn.pl/sjp/yuppie-nightmare;2580098.html
Yves	https://sjp.pwn.pl/so/Yves;4969819.html
Yves Rocher	https://sjp.pwn.pl/so/Yves-Rocher;5587754.html
YWCA	https://sjp.pwn.pl/so/YWCA;4536508.html
